{
  "mozzarella": {
    "LLM + BO (k=5)": [
      [
        -0.4126883851374011,
        -0.13222033286658397,
        -0.13222033286658397,
        -0.13222033286658397,
        -0.13222033286658397,
        -0.011396747035926526,
        -0.011396747035926526,
        -0.005889867081599133
      ]
    ],
    "Vanilla BO (d=28)": [
      [
        -0.38227410094554315,
        -0.2575606381660897,
        -0.2575606381660897,
        -0.23616429241959358,
        -0.23616429241959358,
        -0.14045019811339177,
        -0.14045019811339177,
        -0.14045019811339177
      ]
    ],
    "Random Search (d=28)": [
      [
        -0.4166217201343559,
        -0.2272374529592493,
        -0.2272374529592493,
        -0.2272374529592493,
        -0.2272374529592493,
        -0.2272374529592493,
        -0.2272374529592493,
        -0.2272374529592493
      ]
    ],
    "TuRBO (d=28)": [
      [
        -0.38227410094554315,
        -0.2575606381660897,
        -0.2575606381660897,
        -0.23616429241959358,
        -0.23616429241959358,
        -0.1404500162847981,
        -0.1404500162847981,
        -0.1404500162847981
      ]
    ],
    "SAASBO (d=28)": [
      [
        -0.38227410094554315,
        -0.2575606381660897,
        -0.2575606381660897,
        -0.23616429241959358,
        -0.23616429241959358,
        -0.23616429241959358,
        -0.23616429241959358,
        -0.23616429241959358
      ]
    ],
    "REMBO (d=28->k=5)": [
      [
        -0.47605149226527826,
        -0.2824788925981842,
        -0.2824788925981842,
        -0.2824788925981842,
        -0.2824788925981842,
        -0.2824788925981842,
        -0.2824788925981842,
        -0.2824788925981842
      ]
    ]
  }
}